{"aggregation_name": "myFieldAggregation", "parts": {"0": {"parent": null, "name": "CIRC", "transform": {"M20": 0.0, "M21": 0.0, "M22": 1.0, "M23": 18.789978889509257, "M00": 1.0, "M01": 0.0, "M02": 0.0, "M03": 100.87515183684991, "M30": 0.0, "M31": 0.0, "M32": 0.0, "M10": 0.0, "M11": 1.0, "M12": 0.0, "M13": -105.92317251031454, "M33": 1.0}, "active_connections": [0, 1, 2, 3], "children": [1, 2, 10], "is_constrained": true}, "1": {"parent": 0, "name": "CIRC", "transform": {"M20": 0.0, "M21": 0.0, "M22": 1.0, "M23": 21.789978889509257, "M00": 1.0, "M01": 0.0, "M02": 0.0, "M03": 100.87515183684991, "M30": 0.0, "M31": 0.0, "M32": 0.0, "M10": 0.0, "M11": 1.0, "M12": 0.0, "M13": -105.92317251031454, "M33": 1.0}, "active_connections": [0, 1, 2, 3], "children": [3], "is_constrained": true}, "2": {"parent": 0, "name": "OCTA", "transform": {"M20": -1.5158245029548803e-13, "M21": 1.5158245029548803e-13, "M22": -1.0, "M23": 11758.780310464495, "M00": -1.0, "M01": 9.0949470177284549e-14, "M02": 1.5158245029550181e-13, "M03": 8485.2274770321164, "M30": 0.0, "M31": 0.0, "M32": 0.0, "M10": 9.0949470177307521e-14, "M11": 1.0, "M12": 1.5158245029547425e-13, "M13": -112.99424032345178, "M33": 1.0}, "active_connections": [0, 1, 2, 3], "children": [5, 17, 21], "is_constrained": true}, "3": {"parent": 1, "name": "CIRC", "transform": {"M20": 0.0, "M21": 0.0, "M22": 1.0, "M23": 24.789978889509257, "M00": 1.0, "M01": 0.0, "M02": 0.0, "M03": 100.87515183684991, "M30": 0.0, "M31": 0.0, "M32": 0.0, "M10": 0.0, "M11": 1.0, "M12": 0.0, "M13": -105.92317251031454, "M33": 1.0}, "active_connections": [0, 1, 2, 3], "children": [4, 14, 53, 53, 53], "is_constrained": true}, "4": {"parent": 3, "name": "OCTA", "transform": {"M20": -1.5158245029548803e-13, "M21": 1.5158245029548803e-13, "M22": -1.0, "M23": 11764.780310464495, "M00": -1.0, "M01": 9.0949470177284549e-14, "M02": 1.5158245029550181e-13, "M03": 8485.2274770321164, "M30": 0.0, "M31": 0.0, "M32": 0.0, "M10": 9.0949470177307521e-14, "M11": 1.0, "M12": 1.5158245029547425e-13, "M13": -112.99424032345178, "M33": 1.0}, "active_connections": [0, 1, 2, 3], "children": [23, 29], "is_constrained": true}, "5": {"parent": 2, "name": "CIRC", "transform": {"M20": 1.5158245029548803e-13, "M21": -1.5158245029548803e-13, "M22": 1.0, "M23": 18.789978889926715, "M00": 9.0949470177284549e-14, "M01": -1.0, "M02": -1.5158245029550181e-13, "M03": 11274.136864595406, "M30": 0.0, "M31": 0.0, "M32": 0.0, "M10": 1.0, "M11": 9.0949470177307521e-14, "M12": -1.5158245029547425e-13, "M13": 2665.9151472393332, "M33": 1.0}, "active_connections": [0, 1, 2, 3], "children": [6, 30], "is_constrained": true}, "6": {"parent": 5, "name": "CIRC", "transform": {"M20": 1.5158245029548803e-13, "M21": -1.5158245029548803e-13, "M22": 1.0, "M23": 15.789978889926715, "M00": 9.0949470177284549e-14, "M01": -1.0, "M02": -1.5158245029550181e-13, "M03": 11274.136864595406, "M30": 0.0, "M31": 0.0, "M32": 0.0, "M10": 1.0, "M11": 9.0949470177307521e-14, "M12": -1.5158245029547425e-13, "M13": 2665.9151472393341, "M33": 1.0}, "active_connections": [0, 1, 2, 3], "children": [7, 9], "is_constrained": true}, "7": {"parent": 6, "name": "CIRC", "transform": {"M20": 1.5158245029548803e-13, "M21": -1.5158245029548803e-13, "M22": 1.0, "M23": 12.789978889926715, "M00": 9.0949470177284549e-14, "M01": -1.0, "M02": -1.5158245029550181e-13, "M03": 11274.136864595406, "M30": 0.0, "M31": 0.0, "M32": 0.0, "M10": 1.0, "M11": 9.0949470177307521e-14, "M12": -1.5158245029547425e-13, "M13": 2665.9151472393351, "M33": 1.0}, "active_connections": [0, 1, 2, 3], "children": [8], "is_constrained": true}, "8": {"parent": 7, "name": "OCTA", "transform": {"M20": 1.3782977736021518e-26, "M21": 3.0316490059096228e-13, "M22": -1.0, "M23": 11752.780310462796, "M00": 1.8189894035461504e-13, "M01": 1.0, "M02": 3.0316490059096228e-13, "M03": -2712.176371350688, "M30": 0.0, "M31": 0.0, "M32": 0.0, "M10": 1.0, "M11": -1.8189894035461504e-13, "M12": -4.1348933208064555e-26, "M13": 2682.9862150522204, "M33": 1.0}, "active_connections": [0, 1, 2, 3], "children": [], "is_constrained": true}, "9": {"parent": 6, "name": "OCTA", "transform": {"M20": -3.0316490059098985e-13, "M21": 1.3786343542549207e-26, "M22": -1.0, "M23": 11755.780310466185, "M00": -1.818989403545691e-13, "M01": -1.0, "M02": 4.1352299014593495e-26, "M03": 11281.207932407528, "M30": 0.0, "M31": 0.0, "M32": 0.0, "M10": -1.0, "M11": 1.818989403545691e-13, "M12": 3.0316490059098985e-13, "M13": 11050.267472432821, "M33": 1.0}, "active_connections": [0, 1, 2, 3], "children": [26], "is_constrained": true}, "10": {"parent": 0, "name": "OCTA", "transform": {"M20": -1.5158245029548803e-13, "M21": 1.5158245029548803e-13, "M22": -1.0, "M23": 11758.780310464495, "M00": 1.0, "M01": -9.0949470177284549e-14, "M02": -1.5158245029550181e-13, "M03": 117.94621965024271, "M30": 0.0, "M31": 0.0, "M32": 0.0, "M10": -9.0949470177307521e-14, "M11": -1.0, "M12": -1.5158245029547425e-13, "M13": 13880.390063434003, "M33": 1.0}, "active_connections": [0, 1, 2, 3], "children": [11], "is_constrained": true}, "11": {"parent": 10, "name": "CIRC", "transform": {"M20": -3.0316490059096228e-13, "M21": 1.515824502955156e-13, "M22": 1.0, "M23": 18.789978889723898, "M00": -3.1262732976336256e-26, "M01": -1.0, "M02": 1.515824502955156e-13, "M03": 11308.279000217746, "M30": 0.0, "M31": 0.0, "M32": 0.0, "M10": 1.0, "M11": 1.4691745498838213e-26, "M12": 3.0316490059096228e-13, "M13": 2665.9151472373005, "M33": 1.0}, "active_connections": [0, 1, 2, 3], "children": [12, 13], "is_constrained": true}, "12": {"parent": 11, "name": "OCTA", "transform": {"M20": 1.5158245029548803e-13, "M21": 3.0316490059097606e-13, "M22": -1.0, "M23": 11758.780310462167, "M00": -9.0949470177299228e-14, "M01": -1.0, "M02": -3.0316490059098985e-13, "M03": 11315.350068032663, "M30": 0.0, "M31": 0.0, "M32": 0.0, "M10": -1.0, "M11": 9.0949470177345197e-14, "M12": -1.5158245029546047e-13, "M13": 11050.267472436126, "M33": 1.0}, "active_connections": [0, 1, 2, 3], "children": [], "is_constrained": true}, "13": {"parent": 11, "name": "CIRC", "transform": {"M20": -3.0316490059096228e-13, "M21": 1.515824502955156e-13, "M22": 1.0, "M23": 21.789978889723898, "M00": -3.1262732976336256e-26, "M01": -1.0, "M02": 1.515824502955156e-13, "M03": 11308.279000217746, "M30": 0.0, "M31": 0.0, "M32": 0.0, "M10": 1.0, "M11": 1.4691745498838213e-26, "M12": 3.0316490059096228e-13, "M13": 2665.9151472373014, "M33": 1.0}, "active_connections": [0, 1, 2, 3], "children": [15], "is_constrained": true}, "14": {"parent": 3, "name": "OCTA", "transform": {"M20": -1.5158245029548803e-13, "M21": 1.5158245029548803e-13, "M22": -1.0, "M23": 11764.780310464495, "M00": 1.0, "M01": -9.0949470177284549e-14, "M02": -1.5158245029550181e-13, "M03": 117.94621965024271, "M30": 0.0, "M31": 0.0, "M32": 0.0, "M10": -9.0949470177307521e-14, "M11": -1.0, "M12": -1.5158245029547425e-13, "M13": 13880.390063434003, "M33": 1.0}, "active_connections": [0, 1, 2, 3], "children": [], "is_constrained": true}, "15": {"parent": 13, "name": "CIRC", "transform": {"M20": -3.0316490059096228e-13, "M21": 1.515824502955156e-13, "M22": 1.0, "M23": 24.789978889723898, "M00": -3.1262732976336256e-26, "M01": -1.0, "M02": 1.515824502955156e-13, "M03": 11308.279000217746, "M30": 0.0, "M31": 0.0, "M32": 0.0, "M10": 1.0, "M11": 1.4691745498838213e-26, "M12": 3.0316490059096228e-13, "M13": 2665.9151472373023, "M33": 1.0}, "active_connections": [0, 1, 2, 3], "children": [16], "is_constrained": true}, "16": {"parent": 15, "name": "OCTA", "transform": {"M20": 1.5158245029548803e-13, "M21": 3.0316490059097606e-13, "M22": -1.0, "M23": 11764.780310462167, "M00": -9.0949470177299228e-14, "M01": -1.0, "M02": -3.0316490059098985e-13, "M03": 11315.350068032663, "M30": 0.0, "M31": 0.0, "M32": 0.0, "M10": -1.0, "M11": 9.0949470177345197e-14, "M12": -1.5158245029546047e-13, "M13": 11050.267472436128, "M33": 1.0}, "active_connections": [0, 1, 2, 3], "children": [], "is_constrained": true}, "17": {"parent": 2,